{
	"baseUrl":		"models/skinned/UCS/",
	"character":	"female.js",
	"skins": 		["Highlighted_Muscles.jpg"],
	"morphs": 		["Height","Neck Height","Neck","Shoulders","Shoulder Angle","Breast","Bust Girth","Arm Length","Upper Arm Girth","Wrist","Stomach Form","Waist","Hip Girth","Hip Height","Thigh Girth","Calf Girth","lower Leg"],
	"morphslimit"	: 	    [155,7,31,14,1,85,66,23,27,14,1,75,100,82,58,36,45],
	"morphslowlimit": 		[110,5,27,12,0,70,56,16,22,9,0,65,86,72,49,26,39],
	"morphshighlimit": 		[210,9,35,16,2,100,76,27,32,18,2,85,114,92,66,44,53],
	"x":	0,
	"y":	0,
	"z":	0,
	"s":70
}
